<?xml version="1.0" encoding="UTF-8"?>
<suppressions xmlns="https://jeremylong.github.io/DependencyCheck/dependency-suppression.1.3.xsd">
    <suppress>
        <notes><![CDATA[
   file name: guava-16.0.jar
   ]]></notes>
        <sha1>aca09d2e5e8416bf91550e72281958e35460be52</sha1>
        <cve>CVE-2018-10237</cve>
    </suppress>

    <suppress>
        <notes><![CDATA[
   file name: jettison-1.3.7.jar
   ]]></notes>
        <sha1>7d36a59a0577f11b12088b9e215d6860345b9e1d</sha1>
        <cve>CVE-2020-7712</cve>
    </suppress>

    <suppress>
        <notes><![CDATA[
   file name: jettison-1.3.7.jar
   ]]></notes>
        <packageUrl regex="true">^pkg:maven/org\.codehaus\.jettison/jettison@.*$</packageUrl>
        <cve>CVE-2020-10663</cve>
    </suppress>

<!--    security dependencies   -->

    <suppress>
        <notes><![CDATA[
   file name: spring-security-core-5.3.3.RELEASE.jar
   ]]></notes>
        <packageUrl regex="true">^pkg:maven/org\.springframework\.security/spring\-security\-core@.*$</packageUrl>
        <cve>CVE-2018-1258</cve>
    </suppress>

    <suppress>
        <notes><![CDATA[
   file name: spring-security-rsa-1.0.9.RELEASE.jar
   ]]></notes>
        <packageUrl regex="true">^pkg:maven/org\.springframework\.security/spring\-security\-rsa@.*$</packageUrl>
        <cve>CVE-2018-1258</cve>
    </suppress>

    <suppress>
        <notes><![CDATA[
   file name: spring-security-web-5.3.3.RELEASE.jar
   ]]></notes>
        <sha1>a7edf55294e312f4c09e372c333e94d96bcf7c70</sha1>
        <cve>CVE-2018-1258</cve>
    </suppress>

    <suppress>
        <notes><![CDATA[
   file name: spring-security-config-5.3.3.RELEASE.jar
   ]]></notes>
        <sha1>4df881cc253f63e6aaff9dd66528c2dc18ca61e8</sha1>
        <cve>CVE-2018-1258</cve>
    </suppress>

    <suppress>
        <notes><![CDATA[
   file name: spring-security-crypto-5.3.3.RELEASE.jar
   ]]></notes>
        <sha1>3488535d3954365455300fee3c3d0c838405c6d0</sha1>
        <cve>CVE-2018-1258</cve>
    </suppress>
</suppressions>